56,"56-213 C.O."
64,"64-162 (B) C.O."
56,"56-133 C.O."
48,"48-23 C.O."
64,"64-162 (A) C.O."
56,"56-412 C.O."
56,"56-188 C.O."
56,"56-453 C.O."
27,"27-10(C) C.O."
56,"56-183 C.O."
27,"27-10(A) C.O."
56,"56-187 C.O."
56,"56-113 C.O."
48,"48-68 (3) C.O."
56,"56-352 C.O."
56,"56-132 C.O."
56,"56-234 C.O."
56,"56-115 C.O."
56,"56-460 C.O."
56,"56-132 (A) C.O."
56,"56-251 C.O."
56,"56-235 C.O."
56,"56-413 C.O."
56,"56-215 C.O."
48,"48-44 C.O."
56,"56-114 C.O."
56,"56-461 C.O."
56,"56-233 C.O."
56,"56-573 C.O."
48,"48-22 C.O."
48,"48-29 C.O."
56,"56-435 C.O."
56,"56-136 C.O."
56,"56-532 (A) 20 C.O."
56,"56-492 C.O."
48,"48-27 C.O."
56,"56-253 C.O."
48,"48-46(c) C.O."
48,"48-24 C.O."
56,"56-92 C.O."
48,"48-36 C.O."
64,"64-416 C.O."
56,"56-135 C.O."
48,"48-49 C.O."
48,"48-34 C.O."
56,"56-64 C.O."
48,"48-48 C.O."
48,"48-32 C.O."
56,"56-436 C.O."
48,"48-30 C.O."
48,"48-47 C.O."
56,"56-134 C.O."
56,"56-411 C.O."
56,"56-532 (A) 16 C.O."
56,"56-452 (b) C.O."
48,"48-43(3) C.O."
48,"48-45 C.O."
62,"62-6 (A) C.O."
56,"56-131 C.O."
56,"56-532 (A) 10 C.O."
56,"56-432 C.O."
56,"56-93 C.O."
62,"62-82 C.O."
27,"27-10(B) C.O."
56,"56-254 C.O."
56,"56-91 C.O."
56,"56-411 (A) C.O."
56,"56-185 C.O."
48,"48-31(2) C.O."
48,"48-43 C.O."
56,"56-255 C.O."
56,"56-455 C.O."
56,"56-458 C.O."
48,"48-28 C.O."
56,"56-189 C.O."
48,"48-43(2) C.O."
48,"48-26 C.O."
48,"48-25 C.O."
56,"56-532 (A) 18 C.O."
48,"48-40 C.O."
56,"56-532 (A) 13 C.O."
56,"56-186 C.O."
56,"56-137 C.O."
48,"48-43(1) C.O."
56,"56-437 C.O."
56,"56-184 C.O."
62,"62-83 C.O."
48,"48-42 C.O."
56,"56-532 (A) 2 C.O."
56,"56-256 C.O."
62,"62-4 (1) C.O."
56,"56-211 C.O."
48,"48-35 C.O."
56,"56-163 C.O."
56,"56-459 C.O."
56,"56-532 (A) 15 C.O."
56,"56-411 (B) C.O."
48,"48-39 C.O."
56,"56-216 C.O."
56,"56-162 C.O."
56,"56-132 (C) C.O."
48,"48-21 C.O."
56,"56-212 C.O."
64,"64-162 (E) C.O."
56,"56-114(G) C.O."
48,"48-27 C.G.O."
56,"56-252 C.O."
64,"64-161  C.O."
56,"56-112 C.O."
62,"62-6 (B) C.O."
48,"48-31 C.O."
56,"56-452 C.O."
56,"56-451 C.O."
27,"27-10(E) C.O."
62,"62-89 C.O."
48,"48-33 C.O."
48,"48-38 C.O."
62,"62-6 (C) C.O."
48,"48-37 C.O."
56,"56-434 C.O."
48,"48-43(B) C.O."
56,"56-132 (B) C.O."
48,"48-41 C.O."
56,"56-161 C.O."
56,"56-232 C.O."
56,"56-431 C.O."
56,"56-182 C.O."
56,"56-111 C.O."
56,"56-164 C.O."
56,"56-457 C.O."
56,"56-456 C.O."
27,"27-10(D) C.O."
